Area_sqft,Floors,Bedrooms,Bathrooms,Material_Quality,Labor_Cost,Cement_Price,Steel_Price,Location,Project_Type,Construction_Time,Contractor_Rating,Total_Cost
2661,4,4,1,Low,830340,424,68,Suburban,Residential,16,5,9306062
4942,4,1,1,High,1190978,465,50,Urban,Residential,6,5,20216891
1853,4,6,3,Low,471435,345,76,Suburban,Residential,4,5,6058811
1095,4,2,4,Medium,356949,448,84,Suburban,Commercial,7,5,4977041
1565,3,5,4,Low,239122,412,63,Rural,Commercial,20,3,6094448
2003,3,5,2,High,1429579,340,71,Urban,Residential,5,4,9435782
3569,1,1,3,Low,627228,344,77,Urban,Commercial,16,3,14675144
2757,3,3,5,High,1424303,408,69,Urban,Commercial,22,5,15003127
2976,5,6,3,Low,1461530,454,58,Suburban,Commercial,4,2,11702223
1332,2,2,5,Low,897473,379,72,Suburban,Residential,12,5,5194464
4573,3,2,2,High,473138,408,63,Rural,Residential,18,4,16455537
2195,3,5,2,Medium,246090,459,62,Suburban,Commercial,11,5,8865462
3860,1,5,2,High,532813,455,80,Rural,Commercial,13,4,17005234
4298,2,4,4,High,887783,479,65,Rural,Residential,4,3,15702330
3017,2,6,1,Low,1080499,483,61,Urban,Commercial,10,5,12658776
4403,2,6,1,High,281579,375,70,Suburban,Residential,4,2,16299680
2991,4,3,2,Medium,631681,414,58,Rural,Residential,15,5,9924449
1905,3,4,3,Low,505986,345,50,Rural,Commercial,10,5,6740720
1942,1,1,2,Low,358033,402,58,Suburban,Residential,23,5,6829054
3112,3,2,5,High,1234587,474,88,Urban,Commercial,19,1,17098783
3540,2,4,2,High,1300316,452,89,Urban,Commercial,10,5,18912285
4702,2,5,2,High,322157,473,85,Suburban,Residential,8,1,18782371
4294,4,6,3,Low,665103,435,70,Rural,Commercial,7,1,15051704
814,2,4,5,Low,1487950,346,70,Rural,Commercial,23,3,5039660
2710,1,5,1,Medium,1194973,407,79,Urban,Residential,19,1,11471048
3331,4,6,3,Medium,379370,397,76,Suburban,Residential,23,2,12193570
1161,5,1,1,High,564814,464,86,Urban,Residential,23,5,6095874
3437,3,4,2,Medium,879340,367,53,Urban,Residential,7,4,12228697
1721,3,5,1,Low,1313845,427,53,Urban,Residential,16,5,7230676
1190,5,4,4,Low,1072443,387,54,Suburban,Commercial,5,4,5165048
2017,2,1,4,Medium,1439786,431,84,Suburban,Residential,16,3,8709224
3627,3,3,2,Medium,741549,472,63,Suburban,Commercial,12,4,14982059
4808,4,1,1,High,719028,334,65,Urban,Residential,7,2,19457898
2264,3,6,1,Low,1025410,427,80,Rural,Commercial,14,4,8923499
2390,3,5,5,Medium,446638,331,64,Suburban,Commercial,8,4,9386106
2798,2,1,5,High,330702,352,54,Urban,Residential,20,3,11591282
4298,5,1,5,High,1498467,395,84,Urban,Commercial,20,4,22834791
4276,1,4,3,High,225207,400,67,Suburban,Commercial,24,1,19507470
3031,5,4,2,Low,1010531,367,67,Rural,Residential,4,3,9222832
3333,1,4,4,Low,217068,431,51,Rural,Commercial,21,1,11268455
4923,1,3,3,High,1357913,421,72,Suburban,Commercial,19,5,23712054
4504,2,6,5,High,1223114,347,59,Rural,Commercial,7,2,19096025
1044,4,4,1,Low,1060708,350,88,Rural,Residential,5,1,4222288
3422,3,2,3,Low,1366577,411,84,Rural,Residential,8,1,11602591
821,5,3,5,Medium,854374,481,52,Urban,Residential,11,3,3860142
3306,3,2,5,Low,778453,444,55,Suburban,Commercial,7,3,12363464
3748,2,1,4,Medium,739664,326,53,Urban,Commercial,17,4,15715335
4380,2,1,5,Low,814720,389,69,Suburban,Residential,11,4,14039923
2139,5,6,4,Medium,1184569,456,78,Urban,Commercial,20,1,10940007
2384,3,5,4,Low,332350,454,57,Suburban,Residential,14,3,7794519
4690,4,6,4,Low,253103,395,81,Urban,Commercial,14,4,18697197
3312,1,1,4,Low,322870,496,78,Urban,Commercial,17,5,13859329
4311,1,1,2,High,1012957,472,64,Urban,Commercial,19,3,21876184
2028,1,3,1,High,550244,428,90,Suburban,Commercial,7,4,9872736
3882,1,1,1,High,1477248,489,83,Rural,Residential,13,4,15802549
2273,5,1,4,Medium,568269,402,68,Urban,Residential,12,2,8850287
1008,3,6,1,High,466796,329,78,Rural,Commercial,22,1,5441380
3706,2,2,5,High,359050,484,63,Rural,Residential,9,5,13093123
2392,3,5,5,Low,670066,440,67,Suburban,Commercial,18,4,9566333
3748,2,4,1,High,909798,370,51,Suburban,Commercial,24,1,17590184
2903,5,3,4,High,1304280,456,88,Suburban,Residential,16,4,13002044
4620,4,4,4,Low,1314579,409,66,Urban,Residential,22,1,16720288
3258,5,4,4,Low,282839,428,64,Rural,Residential,6,2,9470087
2208,5,2,1,Low,414483,336,83,Suburban,Residential,7,5,7161211
3594,2,5,1,Low,919725,424,81,Suburban,Residential,14,2,12595936
3959,3,6,4,High,1210718,378,85,Rural,Residential,10,3,15378671
4968,2,3,5,High,1358859,322,80,Suburban,Commercial,21,3,23872645
2147,5,2,5,Low,265874,426,88,Suburban,Residential,22,4,7935446
4601,5,5,3,Medium,1028760,323,82,Suburban,Residential,22,2,16612652
2632,3,5,4,Medium,216054,498,84,Rural,Residential,24,5,9317877
4829,3,1,3,High,768157,460,67,Rural,Commercial,13,5,20617159
3048,3,4,5,Medium,848152,401,66,Suburban,Residential,10,3,10913273
3725,1,1,3,High,851614,399,50,Suburban,Residential,20,3,14524123
3241,5,1,1,Low,930071,339,60,Rural,Commercial,14,1,11466880
3119,1,4,4,Low,936742,471,54,Urban,Residential,10,5,10941219
1205,5,5,4,Low,972073,415,68,Urban,Commercial,4,1,5684422
2599,2,5,4,Low,1326643,327,80,Suburban,Residential,21,2,9799052
1760,2,5,3,High,1377504,454,80,Suburban,Residential,24,4,8978167
1985,3,4,3,Low,1286655,492,56,Suburban,Residential,9,1,7458858
4729,3,6,4,Medium,1004454,357,75,Urban,Commercial,6,1,20250459
3810,5,5,4,High,555577,420,55,Suburban,Commercial,9,2,16973274
5000,2,3,5,Medium,1304199,342,76,Suburban,Commercial,12,3,20656672
1312,1,2,5,Medium,1280001,417,70,Urban,Commercial,10,3,6811355
4138,1,4,2,Low,378887,412,90,Rural,Residential,21,4,13309372
1350,3,4,2,Medium,566165,488,54,Suburban,Commercial,5,4,5806216
2671,4,5,2,High,1411898,499,83,Suburban,Commercial,12,5,13859044
4869,3,3,1,Medium,220502,418,69,Rural,Residential,15,5,15283415
2866,2,5,5,Medium,671662,461,79,Suburban,Residential,23,5,11027766
2600,2,1,4,Low,1268601,395,87,Rural,Commercial,15,4,10631234
3409,4,3,4,Medium,868882,354,58,Rural,Residential,11,4,10910792
2655,2,4,2,High,614995,419,68,Suburban,Commercial,9,3,12476002
2918,2,5,2,High,1097503,433,81,Rural,Commercial,16,1,13688002
2588,5,2,2,Medium,1432960,495,82,Suburban,Commercial,23,1,12517083
3234,4,4,4,High,1439082,473,63,Urban,Commercial,4,3,16688448
3261,1,1,2,Low,882884,428,53,Urban,Commercial,22,2,13597658
1836,1,2,2,Medium,201765,490,65,Rural,Commercial,24,5,7580050
2249,2,5,1,Medium,851414,399,81,Rural,Commercial,20,5,9548447
3441,5,6,4,Low,400943,339,55,Suburban,Commercial,17,5,12342012
1133,5,6,2,Low,622873,390,65,Urban,Commercial,4,4,5013657
1944,4,2,4,Low,1150017,452,89,Rural,Residential,8,1,7318640
1638,1,3,1,High,896509,449,63,Urban,Commercial,24,1,9584692
3493,1,2,1,High,538748,343,80,Urban,Commercial,9,4,17302663
4417,5,5,1,Medium,674996,325,70,Urban,Commercial,5,4,18317148
2774,3,4,4,High,1321296,347,88,Suburban,Commercial,12,2,13970855
2033,4,6,3,Low,438112,414,77,Suburban,Residential,18,5,7128615
2001,3,4,1,High,707770,491,67,Rural,Commercial,22,4,9767607
1394,4,6,4,Medium,533111,378,87,Urban,Commercial,18,3,6933879
3815,4,5,5,High,724237,362,58,Urban,Residential,4,5,15170616
3007,4,4,5,Low,790426,399,81,Suburban,Commercial,16,3,12182402
1074,4,4,4,Low,1125382,428,58,Rural,Commercial,10,5,4852118
1421,5,6,3,High,1304619,419,61,Urban,Commercial,7,2,8040438
1079,4,4,5,High,450374,357,85,Urban,Commercial,5,2,5867252
2784,5,5,3,High,323527,334,81,Urban,Commercial,13,2,13781762
696,1,1,4,High,440983,454,54,Urban,Commercial,20,3,4255527
817,4,5,3,Low,217855,489,51,Rural,Residential,15,2,2869465
1923,1,2,1,High,1075257,412,57,Urban,Commercial,19,3,10672864
2660,4,4,3,Medium,492213,415,63,Urban,Commercial,15,2,11693169
1405,4,5,3,High,321994,433,68,Rural,Residential,21,1,5851274
1548,3,4,5,High,311069,448,59,Suburban,Residential,16,5,6409796
4282,5,1,4,Medium,969959,324,50,Rural,Residential,6,5,12978804
3635,2,2,1,High,1447107,489,86,Suburban,Residential,22,4,16204821
4609,5,2,4,Medium,1200562,349,65,Urban,Residential,12,5,16844460
2814,1,5,5,Low,1471824,376,53,Urban,Residential,14,3,10334959
1765,5,5,3,High,1458200,357,51,Suburban,Commercial,22,5,9698955
2856,2,3,5,High,536808,401,52,Urban,Residential,15,4,11956174
3710,5,4,4,Low,429160,405,63,Urban,Residential,18,1,12763643
4953,2,6,1,Low,216798,384,58,Rural,Residential,23,5,14230786
2506,3,1,1,Low,403684,356,84,Rural,Residential,15,2,8026034
2969,2,2,5,Medium,1325132,416,79,Urban,Commercial,17,1,14133912
4263,2,3,3,Medium,362970,321,70,Urban,Commercial,22,4,18032212
4373,5,4,3,High,295970,391,84,Suburban,Commercial,9,1,19984929
660,3,3,3,High,1234793,417,63,Rural,Commercial,12,5,4150888
3486,4,1,5,Medium,280090,341,82,Rural,Commercial,9,5,12830784
2923,5,6,2,Medium,1235091,414,70,Suburban,Commercial,20,2,12943677
1610,1,2,5,Low,278932,355,70,Urban,Commercial,4,2,6439614
2709,3,4,3,Low,1105533,437,53,Rural,Commercial,24,3,10591070
2657,4,5,2,Low,1043641,490,72,Suburban,Residential,17,5,9670948
3211,4,1,4,Medium,1455460,334,73,Urban,Commercial,22,5,15058303
1438,5,5,2,Medium,668178,440,50,Rural,Commercial,6,4,5689583
3515,5,2,3,Medium,457950,374,59,Rural,Commercial,21,2,13071942
1959,3,5,5,High,1169834,379,56,Urban,Commercial,4,2,10218461
3404,1,5,2,Medium,940863,329,52,Urban,Commercial,8,2,14266669
1541,3,1,4,Medium,307128,429,71,Rural,Residential,13,5,5498671
1115,2,5,2,High,758573,467,82,Rural,Commercial,11,5,5819017
4934,5,5,3,High,685340,500,80,Urban,Residential,10,3,21014167
3820,1,2,5,High,638975,478,82,Suburban,Residential,24,2,16262860
4623,5,2,5,Low,843782,376,67,Urban,Residential,10,2,15642177
2161,2,3,2,High,1257198,326,73,Rural,Commercial,6,2,10080093
4990,3,3,1,High,1226026,354,78,Rural,Residential,11,1,18811504
4599,3,2,4,Low,437400,416,88,Suburban,Residential,14,4,15280281
814,3,3,4,Low,1368723,450,76,Rural,Residential,16,4,4234774
925,4,4,2,High,792579,348,66,Suburban,Residential,15,4,4621460
3271,3,6,3,High,340544,444,59,Suburban,Commercial,23,2,15253879
2540,1,3,1,Low,1192368,459,79,Suburban,Commercial,10,4,10526269
3565,1,1,4,Medium,1245912,366,80,Rural,Residential,4,5,12235596
1023,2,6,3,Low,1282770,414,63,Rural,Commercial,15,1,5144402
4824,1,6,1,High,345157,441,53,Urban,Commercial,4,5,22374208
1218,3,3,2,Low,753947,430,84,Urban,Commercial,5,4,5678172
2246,2,2,2,Low,1473913,487,68,Urban,Commercial,14,5,10563569
2090,1,4,2,High,292649,379,75,Suburban,Commercial,18,5,10008894
4142,3,3,4,High,781600,494,55,Suburban,Residential,17,2,16426743
998,3,4,3,High,1193932,429,86,Suburban,Commercial,6,2,5846173
1156,1,6,2,High,410551,344,61,Urban,Commercial,6,1,5808140
2929,2,1,3,Medium,1286410,352,57,Rural,Commercial,17,2,11691075
1106,4,4,5,Medium,486313,394,65,Suburban,Residential,13,1,4445128
2243,2,5,5,Low,1267262,469,69,Suburban,Residential,6,5,8031791
4266,2,1,3,High,1297636,327,72,Suburban,Residential,11,3,17163803
1880,2,4,2,Low,263242,477,63,Suburban,Commercial,11,2,7278476
2704,5,2,4,Low,1148797,357,53,Suburban,Commercial,14,3,10724368
2754,5,6,1,High,1385565,392,56,Rural,Residential,6,1,10688429
2450,2,3,2,Medium,968068,387,74,Rural,Commercial,4,4,9771001
2349,4,2,3,Medium,624010,399,57,Suburban,Commercial,18,4,9877289
813,5,3,2,High,980495,457,58,Suburban,Commercial,8,5,4847277
1994,2,5,2,Low,912229,481,81,Rural,Residential,23,2,7675107
1671,4,3,5,Low,937375,433,50,Rural,Residential,14,2,5943561
2366,1,6,4,Medium,604806,420,79,Rural,Commercial,15,3,9576548
2826,5,5,2,Medium,1485843,407,90,Urban,Residential,20,2,12369468
3817,4,6,4,Low,712274,461,85,Urban,Residential,4,2,13618466
2363,5,3,2,Medium,264055,483,86,Urban,Commercial,6,1,10578505
4281,3,5,4,Medium,1219031,448,60,Rural,Commercial,14,4,16447171
4561,2,5,5,Medium,1007026,367,73,Suburban,Commercial,12,5,18528388
2521,2,1,1,Medium,748266,468,84,Rural,Residential,17,5,9184280
3500,4,2,2,High,1307268,392,78,Rural,Residential,23,4,14095472
4978,4,4,4,Low,290168,374,87,Suburban,Residential,18,3,16157719
1223,5,1,1,Low,931625,388,83,Urban,Residential,4,2,4962413
4131,2,2,4,Low,905481,321,51,Urban,Residential,17,1,13574723
4605,2,6,3,Medium,1035604,328,64,Suburban,Commercial,21,4,18805288
4344,3,5,2,Low,811697,436,66,Suburban,Commercial,18,4,16706533
783,1,6,5,Low,1080256,331,79,Rural,Commercial,21,3,4554633
778,3,1,4,Low,664659,373,83,Urban,Residential,17,5,3841403
4644,1,5,1,High,771854,335,85,Rural,Residential,14,5,17259832
3772,2,6,4,Medium,358538,399,57,Rural,Residential,8,4,11530423
3515,5,6,4,Low,918571,470,71,Rural,Residential,19,3,11583701
2151,1,5,2,Medium,761767,425,85,Urban,Residential,24,1,9425878
4727,5,4,2,Low,1460649,372,66,Rural,Commercial,5,3,16691778
3098,5,5,3,Medium,848057,418,51,Urban,Residential,10,4,11249481
2017,4,2,5,High,985499,423,50,Suburban,Commercial,12,1,9927630
3059,3,4,1,Low,499937,342,54,Urban,Residential,14,5,10244429
3779,2,1,1,Low,1084698,467,71,Suburban,Commercial,18,3,15280364
4934,5,5,4,Medium,247529,446,55,Urban,Residential,24,2,17615850
1937,4,1,1,High,668067,440,83,Rural,Residential,19,4,8195122
937,2,6,4,Low,711598,364,82,Urban,Residential,15,4,4362770
2954,5,5,2,Low,256561,422,65,Suburban,Residential,4,3,9120810
2990,4,2,4,High,533071,483,60,Urban,Commercial,21,3,15290102
1806,2,3,5,Low,233401,355,52,Rural,Residential,18,2,5605577
3733,5,6,3,Medium,1352314,348,88,Urban,Residential,23,4,15352920
3701,1,2,4,High,297958,359,60,Suburban,Commercial,13,1,16348127
2977,2,6,3,Low,876071,322,85,Suburban,Commercial,21,4,12325971
949,3,1,4,Medium,646244,412,78,Urban,Commercial,8,5,4893041
2335,1,2,4,Low,962775,388,61,Suburban,Residential,14,1,8330402
2212,4,1,4,High,1171761,342,70,Rural,Residential,20,1,9449926
2768,1,4,3,Medium,1013185,409,82,Rural,Commercial,5,2,11154289
1463,2,1,3,High,230762,321,79,Urban,Residential,21,1,6687707
2273,1,1,4,Low,682990,414,66,Urban,Residential,17,1,8352614
2810,3,1,3,Medium,1496921,475,81,Suburban,Commercial,9,3,12831821
3608,4,3,5,Medium,1321719,443,59,Urban,Commercial,8,1,16075435
2813,5,5,1,Medium,1053089,439,79,Urban,Commercial,6,4,12917869
4705,3,6,2,Low,309135,394,54,Rural,Residential,23,5,13497273
3770,1,2,4,Low,558170,412,62,Urban,Commercial,8,5,14724061
1234,4,1,4,Medium,576285,470,61,Suburban,Commercial,7,3,5363880
2246,1,4,5,Low,969930,454,55,Urban,Commercial,10,2,9572564
647,2,6,3,Low,829617,474,85,Urban,Residential,11,3,3313244
4863,1,4,3,Medium,1306015,445,70,Rural,Commercial,18,1,19176001
4137,4,2,3,High,231784,425,85,Rural,Commercial,13,1,18058627
4242,3,2,3,Low,1227162,487,63,Urban,Residential,23,1,15549613
4299,1,4,2,High,618920,381,69,Rural,Commercial,19,4,18359824
644,4,1,3,Low,1390564,353,70,Rural,Residential,14,5,3711828
3798,4,2,2,High,1232059,420,68,Rural,Residential,22,5,14799908
3783,2,5,4,High,859823,344,82,Suburban,Commercial,10,2,17910277
1412,3,1,4,High,1123700,491,84,Suburban,Residential,14,1,7229832
4519,3,6,5,Low,650807,340,86,Suburban,Commercial,18,3,17473409
4604,2,2,4,Medium,1494730,473,56,Rural,Residential,5,3,14936773
2877,2,6,2,Medium,1274611,418,90,Rural,Residential,7,2,10487963
3035,3,5,2,Low,1256721,384,82,Rural,Commercial,20,1,12153111
1725,2,1,1,Low,475658,440,70,Rural,Commercial,18,4,6714458
3434,3,2,5,Low,1484978,327,56,Rural,Commercial,12,2,12461431
2530,5,3,4,Low,260220,379,78,Suburban,Commercial,5,1,9501789
4651,1,3,2,Medium,1453813,346,52,Suburban,Residential,16,5,16054267
3441,4,4,2,Medium,603916,356,86,Suburban,Commercial,17,2,14566599
1523,3,6,2,Low,796161,350,65,Suburban,Commercial,24,4,6934974
1498,3,4,1,Low,1187755,414,71,Suburban,Residential,11,1,6069246
3338,3,5,3,High,712708,376,57,Urban,Commercial,9,2,16216353
1990,5,1,1,Medium,561891,434,59,Suburban,Commercial,24,5,8875532
4225,5,6,2,High,1284146,431,72,Rural,Residential,20,4,16418577
1715,1,2,2,High,749649,344,80,Urban,Commercial,6,2,8912342
3165,5,4,1,Low,1318582,449,76,Suburban,Residential,20,2,11814768
734,1,1,1,Low,489089,386,62,Suburban,Commercial,8,5,3347698
3679,1,4,3,Medium,1120726,438,60,Urban,Residential,5,3,13528715
4298,2,4,4,Medium,641424,464,81,Suburban,Residential,5,1,15074587
758,1,1,2,Medium,945645,357,65,Urban,Residential,16,1,4142109
4103,5,3,5,High,1346054,461,79,Suburban,Commercial,16,4,20187333
3418,2,1,3,Low,1154823,362,69,Urban,Commercial,8,1,14208704
4155,5,1,5,High,1337048,366,76,Urban,Residential,22,1,18454980
1435,3,4,4,Low,1493083,443,63,Urban,Residential,20,2,6660170
1906,3,6,2,High,1122759,387,86,Rural,Residential,16,4,8239912
1743,2,6,3,High,1485367,386,67,Rural,Commercial,22,4,9099831
2377,4,5,3,High,346462,388,68,Rural,Residential,10,5,8798052
3292,3,3,3,Medium,1223851,326,56,Urban,Residential,6,5,12018870
4498,3,2,1,Medium,1208186,398,51,Suburban,Commercial,9,2,17730298
1513,3,2,5,Medium,611570,444,64,Suburban,Residential,16,1,5986587
4627,1,1,5,Low,434201,451,76,Urban,Commercial,10,2,18518005
3393,5,3,3,Low,809344,326,62,Suburban,Commercial,18,3,12752570
3220,2,1,4,Medium,449750,345,51,Urban,Residential,22,4,11712355
3858,4,5,1,High,378850,474,68,Suburban,Commercial,18,1,18160547
4330,1,5,4,High,482729,424,52,Urban,Residential,23,3,17920616
2305,5,5,4,Low,542726,410,61,Urban,Commercial,11,5,9303140
3905,1,4,2,High,802159,335,51,Rural,Commercial,8,2,15971072
1030,3,4,3,Low,1392900,350,65,Urban,Residential,11,2,5033074
2550,1,3,2,Low,263553,430,89,Urban,Commercial,20,5,11073489
1525,3,3,3,High,848032,398,69,Suburban,Residential,16,2,7003482
1175,4,3,5,Low,279259,463,60,Urban,Residential,15,3,4424973
2926,3,4,1,Medium,1418364,419,56,Urban,Residential,14,1,11668136
3967,5,1,5,High,1020722,388,75,Urban,Commercial,22,1,20575754
2773,1,6,3,Medium,696753,401,75,Suburban,Residential,5,4,9655708
1090,2,1,2,High,579441,415,75,Rural,Commercial,20,1,5730642
3671,1,6,3,Medium,463143,449,88,Suburban,Residential,8,5,13004007
2137,2,6,2,Low,605705,388,76,Urban,Residential,21,5,8087161
4274,3,2,4,Medium,238868,461,65,Rural,Residential,13,1,13526031
1268,1,4,1,High,851129,365,56,Suburban,Residential,7,4,5655630
4033,5,1,2,Medium,1322106,420,87,Suburban,Residential,11,4,15039680
2211,3,5,5,High,478322,464,87,Urban,Residential,14,1,10210194
2137,4,3,1,High,951093,362,54,Suburban,Residential,22,2,9318465
608,2,2,3,High,456831,453,65,Urban,Residential,5,4,2842280
4859,5,5,5,Low,257165,472,72,Urban,Residential,17,2,16544158
2416,1,4,2,Medium,206092,379,71,Rural,Commercial,14,5,9007350
4344,2,5,4,Medium,931908,500,82,Suburban,Residential,4,3,15685542
1175,1,6,1,High,997614,368,52,Suburban,Residential,10,5,5412547
4416,2,1,1,High,301237,476,88,Urban,Commercial,5,4,22092885
895,5,1,5,Low,522976,447,83,Urban,Residential,20,4,4118644
4366,3,5,2,High,944815,382,86,Urban,Residential,19,3,19180235
4894,4,5,4,High,1478113,355,61,Urban,Residential,19,2,20817910
1440,2,6,5,Medium,521366,331,67,Suburban,Residential,4,2,5021243
4184,1,4,3,Low,1449725,480,63,Rural,Residential,24,3,13823276
1517,1,1,1,Low,1302450,324,87,Rural,Residential,10,2,5987469
4985,1,1,4,High,378638,445,86,Suburban,Residential,11,5,19800297
1876,2,3,3,Low,939061,421,62,Suburban,Residential,4,3,6538917
4485,5,1,1,Low,361614,367,50,Urban,Commercial,6,5,16486815
3309,4,1,5,Medium,1318327,494,78,Suburban,Commercial,15,2,14735674
4215,4,2,2,Low,695249,430,55,Urban,Commercial,6,4,16220372
2137,4,3,3,Low,488168,329,50,Rural,Commercial,5,3,7061030
4185,3,5,2,High,666833,407,52,Rural,Residential,10,5,14455531
3180,3,3,3,Medium,1480211,373,78,Suburban,Commercial,4,1,13862482
4895,1,3,1,High,1201852,370,65,Urban,Residential,10,3,20490863
2260,1,2,1,Low,1262675,326,80,Rural,Residential,16,3,8196149
1391,3,4,3,Medium,814263,453,69,Suburban,Commercial,5,4,6180649
730,2,5,3,Medium,1003260,490,72,Urban,Residential,14,2,4187445
4891,1,1,3,Medium,679450,458,83,Suburban,Residential,11,5,17414516
3105,5,4,4,Medium,300034,422,88,Rural,Commercial,5,5,11657230
2207,1,5,4,High,628556,492,78,Urban,Commercial,7,3,11504970
2029,1,6,3,High,761840,498,74,Urban,Residential,22,1,9673243
984,2,1,3,Medium,993277,333,71,Suburban,Residential,4,2,4357365
3272,3,2,2,Medium,420652,457,60,Suburban,Commercial,23,3,13541165
1685,3,6,4,Medium,1072649,344,74,Urban,Residential,6,5,7045805
636,5,1,3,Medium,804178,356,82,Urban,Residential,20,3,3748692
3910,4,2,3,High,1209218,329,71,Suburban,Residential,8,1,15557186
1359,4,6,4,Medium,1150981,421,70,Suburban,Residential,16,4,6125704
3050,5,6,4,Low,788199,371,81,Suburban,Commercial,21,5,12391946
1222,2,1,1,Medium,867812,393,55,Urban,Commercial,12,5,6179758
1149,1,1,1,High,484688,417,65,Urban,Residential,9,4,5217397
1441,3,6,1,Medium,1192882,374,88,Rural,Residential,9,1,5904112
4521,2,4,4,High,554221,492,65,Rural,Commercial,24,4,19814795
2594,2,1,1,Medium,420405,454,88,Suburban,Commercial,24,4,11552574
1936,2,4,5,High,1341228,414,73,Urban,Commercial,19,3,11107409
1708,3,4,4,High,487366,370,66,Suburban,Commercial,12,1,8160623
4263,4,1,5,High,458571,465,60,Urban,Residential,19,5,17670165
1899,1,4,3,Medium,862825,492,63,Suburban,Residential,20,4,7732551
2181,2,4,1,High,1066240,420,65,Rural,Residential,4,3,8633156
3140,3,3,1,Low,1208172,444,61,Suburban,Commercial,11,4,12467111
2413,2,2,1,High,1030577,385,80,Rural,Commercial,23,5,11789920
4638,2,2,4,High,470457,349,50,Rural,Residential,10,2,15684911
4921,1,1,5,Low,259784,384,77,Urban,Commercial,13,3,19362122
3603,3,2,5,Low,496370,382,65,Rural,Commercial,20,2,12754336
1909,1,1,5,Low,847319,390,72,Rural,Commercial,10,4,7278608
4401,3,4,1,Medium,1397830,436,64,Rural,Residential,11,3,14706368
3839,2,3,2,Medium,450043,369,74,Suburban,Commercial,16,5,15569961
3182,3,5,4,Low,521557,413,56,Urban,Commercial,10,1,12299925
3849,4,4,2,High,1295518,355,86,Rural,Commercial,9,1,17498580
3660,1,1,1,Medium,584251,484,77,Suburban,Residential,10,4,13047658
1745,1,1,1,High,1012036,325,65,Suburban,Commercial,22,5,9132147
3282,2,3,2,High,944917,360,89,Suburban,Commercial,24,5,16453820
2017,4,5,1,Medium,1120810,366,69,Suburban,Residential,9,5,7744759
3863,5,4,1,Medium,304212,439,60,Rural,Residential,10,1,11908817
2618,1,4,3,Low,526517,342,82,Urban,Residential,9,2,9178386
3099,2,5,2,Medium,979270,433,88,Rural,Commercial,10,1,12750609
1225,5,1,3,High,1117835,370,66,Suburban,Residential,17,1,6189769
3636,5,5,2,High,879728,322,54,Suburban,Commercial,4,4,15936239
2759,2,2,1,Low,1099304,467,71,Suburban,Commercial,10,2,11300389
1526,4,3,2,Medium,1026637,447,63,Urban,Residential,16,4,6913727
3091,1,5,1,Medium,637430,385,62,Suburban,Residential,17,3,10754474
2669,5,4,1,Low,988679,423,74,Suburban,Commercial,19,1,11300413
3965,3,5,1,Medium,1218715,421,87,Rural,Residential,9,1,14045578
638,2,5,5,High,457205,475,88,Urban,Residential,24,1,4000520
1543,5,3,5,Low,1133711,413,79,Suburban,Residential,17,2,6621215
1214,3,1,4,Low,632595,335,50,Rural,Commercial,22,5,5106330
3246,4,5,4,Medium,719353,439,84,Urban,Residential,4,5,12246099
2155,3,5,4,Medium,921199,341,63,Rural,Commercial,17,4,8944587
1218,2,3,1,High,568876,322,70,Suburban,Residential,16,4,5620769
1111,5,3,3,Low,390211,462,60,Suburban,Commercial,13,2,4730438
4397,3,2,3,Low,379611,328,84,Rural,Residential,19,1,13532557
3106,4,1,2,Low,1370799,500,63,Suburban,Commercial,20,1,13015969
1602,2,4,3,High,426679,443,76,Urban,Residential,14,3,7361235
3244,5,5,1,High,276326,476,85,Suburban,Residential,6,1,12833656
2331,1,2,1,Medium,487169,462,73,Suburban,Residential,18,5,8876339
2460,3,4,1,High,983931,499,57,Urban,Commercial,22,3,13156579
3303,1,5,1,Medium,1142397,409,53,Urban,Residential,20,3,12675951
1258,4,5,2,Medium,306186,376,61,Suburban,Residential,6,5,4499849
1328,5,4,4,Medium,1078889,452,76,Rural,Residential,23,1,5940448
4273,2,6,4,Low,373719,456,74,Urban,Residential,8,5,14425787
4509,1,6,5,Low,1437999,418,82,Suburban,Residential,8,1,15613493
1834,1,4,3,High,337620,402,88,Suburban,Commercial,4,1,8661463
4972,5,3,5,Low,651349,452,62,Urban,Commercial,6,5,19314386
1599,5,5,2,Low,1454268,404,74,Suburban,Commercial,17,2,7710498
3286,4,2,4,Medium,634757,369,89,Rural,Residential,24,5,11632579
2311,3,4,4,High,995738,451,60,Rural,Residential,11,4,9028917
4884,5,3,5,High,365456,467,64,Suburban,Residential,7,2,18526076
4266,3,5,1,High,1386644,417,66,Urban,Residential,6,1,18113853
5000,4,5,4,Medium,660548,447,79,Rural,Commercial,4,4,18688583
3578,2,2,3,Low,593392,404,79,Rural,Commercial,5,4,12501930
4309,5,4,1,Medium,449403,432,57,Suburban,Residential,22,3,14583147
1891,4,3,4,Medium,1033216,331,70,Urban,Residential,12,4,7899519
3214,4,2,4,Medium,521829,358,76,Suburban,Residential,20,5,11440844
1081,5,3,1,Medium,1371393,364,90,Urban,Commercial,6,2,5974939
4457,3,4,4,Medium,950416,452,51,Suburban,Residential,6,2,14915426
1749,3,6,5,Medium,1017036,425,70,Suburban,Residential,7,3,6922578
2056,4,2,1,Low,628990,388,71,Rural,Residential,13,2,6830188
4681,3,5,2,High,305455,444,66,Suburban,Residential,4,3,17637202
1262,3,6,4,High,882360,353,85,Suburban,Commercial,24,5,7268384
2193,3,4,5,Medium,268277,373,60,Suburban,Commercial,6,2,8440520
625,3,6,5,High,1377246,445,59,Suburban,Commercial,20,1,4829439
2624,4,1,5,Low,565860,405,70,Suburban,Commercial,23,5,10556606
1283,4,5,4,High,489072,418,62,Urban,Commercial,19,2,7289106
1976,1,6,1,High,1167957,333,70,Urban,Commercial,21,5,11086589
4507,4,5,3,High,860024,466,67,Suburban,Commercial,21,2,21287551
2690,3,4,1,High,1381903,417,54,Rural,Residential,8,1,10427835
2727,3,4,2,Low,1431014,361,61,Suburban,Residential,23,1,10051706
3942,1,5,4,Low,1235221,360,87,Rural,Residential,18,2,13176911
2356,3,3,3,Medium,1218864,368,65,Rural,Residential,9,2,8421231
4955,1,2,5,Low,781848,498,58,Rural,Residential,24,5,15192689
4286,3,4,2,Medium,1280803,402,76,Rural,Commercial,23,3,17392910
3673,1,2,1,Medium,714785,465,64,Urban,Residential,19,3,14020341
2522,5,5,1,Medium,1176990,347,56,Rural,Commercial,13,1,10116272
2299,4,2,4,High,1281687,329,64,Urban,Commercial,24,3,12706974
779,4,3,4,Low,325510,395,70,Urban,Commercial,12,3,3757288
3460,2,4,5,Low,1428172,435,72,Urban,Residential,12,2,12831506
1399,3,3,4,High,1428556,368,68,Rural,Residential,18,4,6719800
3219,1,6,1,Low,783672,417,75,Suburban,Commercial,13,4,12553272
1798,2,5,5,Medium,1060402,446,60,Urban,Residential,24,2,8099853
1406,3,3,5,Medium,1234495,428,83,Rural,Commercial,6,5,6590201
4997,2,3,2,High,355403,479,78,Suburban,Commercial,15,5,23107237
837,5,2,2,Medium,570453,477,76,Suburban,Residential,17,2,3947897
2205,4,2,5,Medium,1436894,320,73,Rural,Residential,16,1,8506927
1286,1,3,3,Medium,775717,461,61,Suburban,Residential,10,1,5327490
3496,2,2,3,Medium,1370151,337,52,Rural,Residential,18,3,11691067
2665,2,4,1,Medium,241788,440,82,Rural,Commercial,10,3,10193452
1055,1,5,2,High,1079702,444,59,Suburban,Residential,19,4,5480698
3763,4,4,2,Low,757577,432,66,Rural,Residential,11,1,11462334
2902,4,4,5,High,925512,496,60,Urban,Commercial,21,2,15379573
2974,3,3,2,High,1091769,323,52,Urban,Residential,22,4,12875552
3399,1,2,3,Low,721580,373,73,Urban,Commercial,10,2,13784715
2953,4,6,2,High,1348638,342,72,Suburban,Residential,9,2,12370347
1978,1,4,4,Medium,1315754,444,86,Urban,Residential,24,4,9161864
4783,4,2,1,Low,345239,389,64,Rural,Residential,5,4,13410574
3933,4,6,3,High,975155,477,79,Urban,Residential,24,1,17981674
776,1,3,2,High,976582,325,87,Rural,Commercial,10,3,4481927
1762,5,1,5,Medium,524863,322,64,Urban,Residential,9,5,6501055
2579,1,3,1,Low,1414046,372,58,Rural,Commercial,18,3,10155578
1775,2,2,4,Medium,1382499,419,59,Urban,Commercial,7,1,8598068
4742,1,4,1,Medium,873742,461,58,Rural,Commercial,4,4,17311402
4340,5,1,5,High,900714,423,82,Urban,Commercial,21,1,22558551
1801,2,4,3,Medium,688739,423,60,Urban,Residential,18,5,7461109
4738,5,2,1,Medium,1319985,339,50,Suburban,Residential,18,4,16207715
2238,4,2,3,High,677440,385,79,Urban,Commercial,22,5,12150615
3406,5,1,3,Low,880226,351,52,Rural,Commercial,9,2,11524162
3075,3,6,5,High,416339,400,88,Urban,Commercial,15,3,15747289
2675,5,5,5,Medium,1232435,400,87,Suburban,Commercial,24,4,12509858
3676,2,5,3,Low,1232804,372,61,Rural,Residential,7,4,11285025
2236,2,2,3,Low,312396,354,82,Rural,Commercial,9,2,8098711
1182,3,4,1,Low,695398,493,56,Urban,Commercial,5,2,5185554
2586,4,1,5,High,902111,433,65,Urban,Commercial,9,4,13167517
1459,3,1,4,Medium,519302,451,75,Rural,Residential,23,5,5666800
3208,3,4,3,High,1436597,368,67,Urban,Commercial,18,2,17113760
2967,5,1,3,High,394891,327,80,Urban,Commercial,15,3,14975496
4630,4,2,5,Medium,999869,404,81,Suburban,Residential,22,2,16989554
3185,5,5,3,Low,1463932,327,83,Urban,Residential,11,1,12115165
2351,1,1,2,Medium,976793,462,84,Suburban,Commercial,16,5,10653079
2652,4,3,3,Low,765377,389,57,Rural,Commercial,21,5,9746471
1419,1,5,5,Low,1326890,452,60,Suburban,Commercial,4,5,6419066
2721,2,5,2,Low,251253,324,85,Urban,Commercial,12,4,10848822
1042,3,3,2,High,799443,402,66,Urban,Residential,16,2,5597492
2964,2,1,4,Low,870228,322,86,Suburban,Commercial,18,4,11991071
1936,2,5,2,Medium,336434,392,86,Suburban,Commercial,4,4,7901240
2286,2,1,5,High,1333714,447,59,Suburban,Commercial,9,1,11556834
3845,4,5,3,Medium,854361,488,78,Urban,Residential,4,1,14686169
1740,5,4,3,Medium,1127778,493,54,Rural,Residential,4,4,6189810
3168,3,2,2,High,1022865,354,54,Rural,Residential,21,5,12115166
3063,1,5,4,Medium,757171,372,62,Rural,Commercial,19,1,11797904
3943,5,6,4,Medium,585220,379,55,Urban,Commercial,16,1,16688760
2625,2,2,1,Medium,254936,324,85,Rural,Commercial,4,3,9745759
3581,3,3,1,Medium,825500,340,57,Suburban,Commercial,11,3,14305789
1690,5,5,4,High,1267388,353,75,Suburban,Commercial,12,5,8912735
3340,3,3,3,High,352049,380,55,Rural,Commercial,12,4,13647472
4634,2,1,1,Medium,1167164,494,90,Urban,Residential,13,1,18671193
4799,4,2,2,Medium,871972,405,56,Rural,Commercial,18,5,17713157
660,2,5,1,Low,424021,386,67,Rural,Residential,6,3,2368948
3051,5,4,5,Low,1471156,439,71,Urban,Residential,24,2,12229486
3879,4,6,2,High,822011,356,59,Urban,Residential,5,2,15620255
3165,5,2,3,Medium,399052,437,83,Rural,Residential,19,2,10816701
1603,5,3,2,Low,1387029,486,75,Rural,Residential,11,4,6463100
3958,1,4,3,High,261798,489,72,Urban,Residential,20,3,16912022
4262,1,2,2,High,861810,341,67,Urban,Residential,14,2,17786846
4176,2,5,1,Medium,1354807,481,60,Urban,Residential,9,1,15957473
1191,2,3,1,Low,1395570,407,62,Urban,Commercial,14,1,6328614
2099,3,6,2,Medium,1365797,393,87,Urban,Commercial,21,3,10988868
3701,3,6,4,Medium,747909,490,53,Suburban,Residential,12,1,12675516
3521,3,3,5,Medium,661080,439,81,Suburban,Residential,9,5,12456062
2383,5,1,2,Medium,1377128,393,89,Suburban,Commercial,4,2,10978256
3697,1,2,2,Low,1405549,384,61,Rural,Commercial,5,1,13366397
1065,1,1,3,Medium,673289,407,50,Urban,Residential,11,1,4689620
1396,3,4,5,High,369493,338,50,Rural,Commercial,4,5,5910137
702,1,6,2,Low,617274,473,69,Rural,Residential,13,3,3205416
4918,3,2,3,High,861592,450,50,Urban,Residential,10,4,19981327
3878,2,1,4,Low,610462,447,50,Rural,Commercial,21,5,13576567
2541,5,1,1,Low,939181,356,60,Suburban,Commercial,4,4,9464949
1511,3,3,3,Low,732927,410,75,Suburban,Commercial,11,4,6329540
3587,5,3,3,Medium,1099621,449,88,Rural,Commercial,19,1,15065069
755,1,3,4,Medium,657143,452,71,Urban,Commercial,13,3,4367096
2797,3,4,5,High,1192968,354,75,Suburban,Commercial,7,5,13453881
4120,1,3,3,Low,326430,366,63,Rural,Commercial,5,5,13350032
812,2,2,4,Medium,1038461,441,56,Rural,Residential,5,1,3647545
1023,4,4,1,Low,399318,327,63,Urban,Commercial,8,4,4407679
938,5,3,3,Medium,673582,472,79,Urban,Residential,10,1,4342013
3458,3,2,3,Medium,658312,375,86,Urban,Residential,14,1,13304142
843,5,5,2,Low,291347,428,77,Urban,Residential,18,1,3683836
4268,3,3,5,Low,730048,488,56,Urban,Residential,23,1,14828071
1846,2,6,1,Low,1301603,467,74,Suburban,Commercial,16,2,8491360
2357,1,6,1,High,663069,397,67,Suburban,Residential,22,3,10112237
2889,1,6,3,Low,1496231,427,50,Urban,Residential,15,2,10867963
693,5,6,4,High,1012048,412,88,Urban,Commercial,24,1,5384018
1290,5,6,3,High,963943,364,70,Urban,Commercial,13,1,7347212
4004,5,2,5,Medium,333159,430,68,Suburban,Residential,18,1,13942690
769,5,5,2,Low,944249,427,86,Rural,Commercial,19,5,4133936
4583,5,2,5,High,502735,382,71,Suburban,Commercial,10,5,20860951
2536,4,6,2,Medium,758636,392,82,Suburban,Residential,20,2,9759020
4976,5,6,4,Medium,911885,415,78,Urban,Residential,6,3,18372469
4599,4,6,3,Medium,752472,334,54,Urban,Commercial,23,5,19493674
3824,4,4,3,Medium,1157311,447,69,Rural,Residential,19,4,13214363
1795,3,6,1,Low,1134639,449,57,Suburban,Commercial,21,1,7953704
1344,4,4,5,Low,379671,320,74,Urban,Commercial,14,1,5895821
3921,1,5,5,High,1461162,424,72,Suburban,Commercial,14,3,19264577
878,2,4,2,High,926974,408,80,Rural,Commercial,17,1,5332318
4791,3,6,5,High,925522,479,50,Suburban,Residential,7,2,18164046
1890,1,4,4,Medium,1144837,411,51,Urban,Residential,18,3,7947697
4522,5,1,1,Low,1343120,444,60,Rural,Commercial,12,4,16205885
1479,1,6,5,Low,1090130,395,66,Urban,Commercial,20,5,7331031
3050,5,4,1,High,1121171,456,52,Suburban,Commercial,16,2,14693448
1841,1,4,3,Medium,831142,326,82,Rural,Residential,6,5,6574369
1067,2,1,5,Medium,949628,384,83,Urban,Residential,18,1,5357013
3256,3,2,3,High,780226,478,65,Suburban,Residential,23,4,13516792
4692,2,2,2,Medium,553130,458,78,Suburban,Commercial,23,4,19566083
1219,1,1,4,Low,890740,464,68,Suburban,Commercial,11,1,5523488
2016,1,4,1,High,583978,338,72,Urban,Residential,13,3,8828117
1946,4,1,2,High,1376107,440,68,Rural,Residential,4,3,8146970
4572,4,1,4,High,1174594,494,64,Suburban,Residential,9,5,18294966
1069,3,2,2,High,223035,362,69,Rural,Residential,22,1,4738232
4403,2,6,3,Medium,1401768,380,52,Suburban,Commercial,19,3,17898630
2047,5,1,4,Medium,1341178,330,86,Urban,Residential,15,3,9034624
1153,3,6,4,High,809967,460,83,Urban,Commercial,24,4,7212330
4368,1,3,5,Medium,274128,349,56,Rural,Commercial,22,4,15623095
3145,2,6,4,Medium,1012724,372,80,Urban,Residential,16,4,12443432
3184,2,3,3,Low,1368492,324,83,Urban,Commercial,8,2,13655813
1390,4,1,1,High,1059711,448,69,Urban,Commercial,13,2,8129492
2863,5,1,2,Low,515726,365,60,Rural,Commercial,15,4,10076075
2095,1,4,1,High,232092,492,72,Rural,Commercial,22,3,9655516
964,2,6,1,High,1399414,351,51,Urban,Residential,4,3,5028565
4877,4,4,1,Low,1421864,365,50,Suburban,Residential,23,5,15704692
1320,1,2,2,Medium,287770,399,70,Suburban,Commercial,5,4,5504779
1768,2,4,1,High,750074,349,61,Rural,Residential,5,2,6611793
1439,1,3,1,High,245663,457,80,Suburban,Commercial,8,3,6833225
3810,1,3,1,Low,546915,424,73,Rural,Residential,14,3,11752993
1690,2,3,1,High,608129,494,60,Rural,Residential,16,3,6818817
2212,4,4,1,High,883388,376,74,Suburban,Residential,23,1,10040703
1010,5,1,1,Low,1187891,497,75,Urban,Commercial,21,5,5773167
2354,4,5,1,Low,1037504,452,88,Urban,Residential,10,1,9420821
2908,4,2,3,Low,529799,438,55,Rural,Residential,21,5,9095442
2597,3,5,2,High,1318253,388,85,Rural,Commercial,5,1,12342595
4943,1,4,4,Low,668748,424,74,Suburban,Commercial,9,1,18552260
3587,5,3,3,High,636030,325,89,Rural,Commercial,23,3,16237446
2550,4,2,2,Medium,951941,465,79,Rural,Residential,8,2,8981975
3851,2,1,5,High,779213,380,53,Urban,Commercial,15,5,18654225
2252,3,4,3,High,835081,420,65,Suburban,Commercial,14,4,11026647
2541,2,6,3,High,519429,411,51,Urban,Residential,13,3,10598089
1576,5,1,3,Low,229764,459,72,Suburban,Commercial,23,2,6751933
3875,1,4,1,High,964100,386,55,Rural,Commercial,13,2,16411075
1094,5,4,4,Medium,890699,479,81,Rural,Residential,4,5,4358226
2946,3,3,5,Medium,223018,430,88,Urban,Commercial,22,5,13466884
3140,5,5,1,High,1280080,440,68,Urban,Residential,23,4,14526378
1512,4,6,3,Low,856648,443,66,Rural,Commercial,14,5,6255577
2469,5,1,1,High,1170440,358,53,Rural,Residential,11,4,9388187
1089,3,1,3,Medium,1382854,403,79,Rural,Commercial,23,3,6105307
3152,1,3,5,Medium,479704,332,87,Suburban,Commercial,15,2,13148349
1221,5,3,5,High,1062545,392,55,Urban,Commercial,4,2,6730779
3733,4,2,1,High,349730,335,72,Rural,Residential,5,1,12949377
3424,5,2,4,Low,1130164,356,50,Suburban,Residential,11,3,11081919
4346,1,5,3,Medium,1477421,410,83,Urban,Residential,22,1,17759422
3607,5,4,1,High,675982,456,67,Rural,Residential,14,1,13431689
768,2,3,5,Low,777719,450,79,Rural,Commercial,17,3,4035259
4081,1,3,1,Low,1247269,407,87,Rural,Residential,5,1,13301245
3253,4,2,2,Low,578598,499,66,Rural,Commercial,18,5,12017134
3492,5,2,3,Medium,1396759,330,61,Rural,Residential,11,4,11806342
2578,5,3,1,Low,665271,449,69,Suburban,Commercial,21,1,10528589
2343,4,3,4,High,673636,382,66,Suburban,Residential,20,4,9854550
2225,1,6,5,Medium,467852,447,53,Suburban,Residential,23,1,8250689
4124,3,1,5,Low,318309,343,84,Suburban,Residential,19,3,13628958
908,5,5,4,High,595815,499,80,Urban,Commercial,7,4,5320268
3129,4,3,3,Low,511654,413,52,Rural,Residential,5,4,8895419
3827,4,2,3,Medium,1065284,358,74,Suburban,Commercial,9,2,15773343
2456,4,1,4,Low,789322,494,59,Rural,Residential,20,5,8353968
2901,2,2,3,High,692184,488,76,Rural,Commercial,12,5,13184404
1940,3,4,4,Low,1425993,439,56,Urban,Residential,16,3,8044215
2478,5,3,2,Low,1215216,393,84,Suburban,Commercial,22,5,10794120
1160,5,5,1,Medium,943145,410,78,Rural,Commercial,22,1,5943166
1095,2,5,1,High,688121,497,58,Urban,Residential,16,4,5662203
2348,1,3,4,Medium,413204,483,59,Suburban,Commercial,4,5,9227260
3775,2,4,2,Medium,767612,389,52,Suburban,Commercial,10,1,14741159
2872,5,6,3,Medium,690739,414,66,Urban,Residential,5,1,10614258
1996,3,6,2,Medium,929876,484,86,Rural,Commercial,24,3,9285261
2928,2,5,2,Low,1156086,481,88,Rural,Residential,13,1,10279792
1355,5,5,4,Low,748377,358,62,Rural,Commercial,14,4,5520987
712,5,2,5,Low,312757,451,56,Rural,Commercial,5,3,2724278
4678,2,1,5,High,971661,355,59,Urban,Commercial,10,3,22520677
4080,5,4,1,High,343110,448,73,Suburban,Residential,24,5,16390372
2104,3,4,1,Medium,1389966,443,83,Suburban,Commercial,23,5,10514750
4650,3,6,3,High,750916,350,53,Urban,Commercial,5,1,21995782
1416,3,4,2,Low,404107,342,59,Rural,Residential,21,3,4791685
2693,5,5,2,High,747678,386,70,Suburban,Commercial,6,5,12448454
2672,2,1,2,High,1080495,437,78,Urban,Residential,22,5,12624852
2561,1,4,5,Low,1315420,455,52,Urban,Commercial,7,3,10742283
783,3,6,5,Low,755739,458,72,Rural,Residential,15,2,3523540
4006,5,3,4,High,1380238,446,88,Urban,Commercial,8,2,20980512
1608,3,4,3,Medium,1078275,352,67,Urban,Residential,19,3,7080946
2823,5,3,4,High,678800,477,60,Rural,Commercial,8,2,12210767
2355,2,3,1,High,402639,474,90,Urban,Commercial,22,1,12815522
2839,4,4,5,Low,296176,424,66,Urban,Residential,14,2,9630581
1690,1,1,4,High,565278,497,89,Rural,Commercial,15,2,8353812
3895,4,4,5,Medium,1251094,402,64,Urban,Residential,11,1,14845161
3710,2,4,3,Medium,322197,472,73,Urban,Residential,18,2,13972396
2425,4,1,2,Low,281190,438,80,Urban,Residential,9,1,8590417
2025,1,2,5,High,1088053,477,69,Urban,Residential,11,4,9523835
3822,4,4,1,High,1010112,460,88,Rural,Commercial,16,2,17759207
1807,3,2,5,Medium,558152,332,89,Urban,Residential,19,4,7451774
1813,4,2,2,High,1499186,460,55,Suburban,Residential,18,5,8574019
3908,1,3,4,Low,1390740,346,61,Rural,Residential,11,3,12251245
4906,1,5,2,High,826138,376,86,Urban,Commercial,14,2,24876786
1451,3,6,5,High,811212,393,72,Suburban,Residential,24,5,6891481
3330,1,6,2,Low,793103,323,82,Urban,Commercial,18,4,13955954
4152,4,6,4,High,646475,323,56,Suburban,Commercial,11,1,18472254
921,5,2,5,High,588809,457,81,Rural,Commercial,10,1,4676078
3285,5,5,1,Low,1176255,467,73,Urban,Residential,24,3,12800646
2337,3,4,3,Low,1365156,484,61,Suburban,Commercial,21,2,10255471
4512,4,5,4,Medium,808575,465,81,Rural,Commercial,18,3,17835615
4755,2,3,1,High,517205,420,81,Urban,Residential,18,4,20205859
4459,3,1,3,High,561330,464,54,Suburban,Commercial,11,4,19974930
2647,2,2,1,High,1047906,344,63,Urban,Residential,19,3,11829259
2404,4,3,5,Low,535958,443,78,Urban,Commercial,22,3,10490542
2065,5,2,2,Medium,1011699,347,82,Urban,Residential,6,1,8484185
2128,1,1,1,Low,572626,496,89,Suburban,Commercial,9,4,8816299
4785,5,5,3,Low,383005,382,63,Rural,Commercial,4,5,15683782
3267,1,1,4,High,1423150,498,75,Urban,Residential,5,4,14741075
2171,4,5,5,High,1270727,326,77,Suburban,Residential,18,2,9962080
3171,2,3,1,Medium,390967,349,57,Rural,Residential,6,1,9601193
2211,3,4,3,Low,411066,428,87,Suburban,Residential,11,5,7803659
1321,2,3,1,Medium,783473,441,61,Rural,Commercial,21,1,6208607
1637,2,3,1,High,1130821,356,81,Urban,Residential,21,2,8453576
4230,2,1,1,Low,1453674,353,67,Urban,Residential,19,4,15325001
1591,4,5,5,High,1410396,347,86,Urban,Commercial,17,1,9527776
3515,1,4,1,High,976148,364,64,Suburban,Residential,10,5,13818188
2543,1,5,3,Medium,862979,381,83,Suburban,Commercial,16,4,11150113
3158,5,5,5,Medium,452824,407,85,Rural,Commercial,23,1,12659493
3502,2,4,4,Low,1096883,463,83,Urban,Residential,15,2,13354972
3444,4,1,1,Medium,1330563,499,71,Suburban,Commercial,7,4,14706889
1918,2,5,1,Low,1331141,353,79,Rural,Residential,7,5,6846989
1707,4,4,3,Low,363101,377,52,Rural,Residential,22,5,5734918
4912,4,2,4,High,794515,371,66,Urban,Commercial,15,5,24105949
922,1,3,2,High,1468013,406,78,Rural,Commercial,14,1,5665725
3824,1,1,1,High,689347,371,50,Rural,Commercial,11,2,15612185
2090,1,6,1,High,1055483,407,72,Rural,Commercial,24,1,10583153
1605,2,6,3,Medium,915256,493,59,Suburban,Commercial,6,5,7132040
2739,3,2,2,Medium,839284,417,67,Urban,Residential,15,3,10622050
1204,2,6,5,Low,1376370,464,69,Urban,Commercial,5,3,6112197
4273,4,6,5,Low,313707,404,64,Rural,Commercial,13,5,14341329
4955,5,6,4,High,1128425,340,69,Suburban,Commercial,9,1,22582304
3029,4,5,3,Medium,346199,399,81,Urban,Commercial,8,2,13130137
2423,2,2,5,Low,1202168,443,77,Urban,Residential,20,4,9721477
4933,5,3,3,High,347924,445,83,Urban,Commercial,10,1,24501328
838,1,4,5,Medium,543806,412,67,Urban,Residential,17,2,3918573
4263,1,3,2,Medium,1026576,349,59,Urban,Commercial,18,3,18256968
3239,5,5,4,High,224712,335,59,Rural,Residential,20,4,11590174
1780,1,6,5,Low,1151326,431,81,Urban,Residential,19,1,7622236
3239,4,5,5,Medium,704991,382,57,Rural,Commercial,19,5,12190444
3511,2,6,3,High,1317305,469,81,Suburban,Commercial,19,1,17713062
1336,3,3,4,High,733372,388,90,Rural,Residential,4,2,5670386
1090,4,1,1,Low,712977,471,52,Urban,Residential,16,2,4730745
2729,1,6,1,Medium,648641,343,81,Suburban,Commercial,10,3,11481184
893,4,2,3,Low,641908,399,86,Urban,Commercial,10,5,4365845
4532,2,5,2,High,1373146,383,75,Rural,Residential,17,2,17424302
3181,5,6,1,Medium,895878,430,83,Suburban,Commercial,5,2,13349223
1949,5,2,1,Low,812778,441,74,Urban,Residential,9,5,7300593
3268,4,1,2,Low,1478862,463,66,Suburban,Commercial,17,5,13630450
1847,4,6,3,Low,341547,484,56,Rural,Commercial,21,4,7115026
4236,2,2,3,Low,673949,399,53,Urban,Commercial,11,3,16263986
2905,3,4,5,Low,352843,361,61,Urban,Residential,19,2,9885313
3277,5,6,5,High,707805,469,57,Rural,Commercial,21,1,14515257
841,3,2,1,Medium,1349232,444,66,Rural,Commercial,13,2,4679342
3417,2,4,4,Low,335734,357,83,Rural,Commercial,12,2,11978559
1319,5,6,1,Low,1151324,372,78,Rural,Commercial,13,1,5928982
3001,4,5,4,Medium,486796,418,54,Urban,Commercial,6,2,12410507
896,4,1,1,High,958059,470,69,Suburban,Commercial,22,1,5672040
1094,4,2,5,Medium,943049,438,80,Urban,Residential,19,1,5418245
1168,1,1,2,High,1024411,401,58,Suburban,Commercial,5,4,6148897
2498,2,6,2,Low,994137,451,55,Urban,Residential,19,4,9359067
2173,1,2,5,Low,343552,330,50,Rural,Residential,8,3,6178350
2439,4,1,5,Low,254361,492,67,Suburban,Residential,8,1,8020926
1465,5,3,3,High,1087946,499,52,Suburban,Commercial,19,2,8089541
3846,4,4,3,Low,615630,341,77,Urban,Commercial,23,5,15682911
1793,3,6,3,High,1193331,439,72,Suburban,Commercial,18,4,9587837
1354,1,1,4,High,1244035,473,84,Rural,Commercial,18,3,7542226
1984,3,3,5,Low,1099735,496,54,Suburban,Commercial,14,1,8594809
1798,1,3,3,Medium,1466812,493,69,Rural,Commercial,18,1,8685965
4569,2,3,3,Medium,338341,480,62,Rural,Commercial,6,5,16398646
4537,2,4,1,Low,588875,335,70,Suburban,Commercial,24,1,17217785
2440,2,2,5,Low,1435722,404,68,Urban,Commercial,11,1,11065979
3079,5,5,1,High,318784,411,68,Suburban,Commercial,22,3,14641067
4833,3,2,4,High,1153035,445,90,Suburban,Residential,22,2,20535279
2820,1,1,5,Medium,536760,436,85,Urban,Commercial,22,3,13309208
3092,2,5,3,Low,1450398,401,87,Urban,Commercial,5,1,13617069
4874,1,1,1,Medium,1451514,353,72,Rural,Residential,6,4,16151435
4958,1,1,2,Low,206931,493,81,Rural,Commercial,18,5,17813549
1539,5,1,4,Medium,617421,414,63,Urban,Commercial,19,1,7405016
4017,2,2,3,Low,1063273,366,87,Rural,Commercial,14,3,15120215
2054,2,4,4,High,1282411,446,72,Suburban,Commercial,16,3,10831182
3476,3,6,5,Medium,396089,388,54,Suburban,Commercial,15,2,13506983
4722,4,2,3,Medium,476637,339,73,Rural,Residential,10,3,14622122
3791,3,5,4,Medium,629138,458,77,Rural,Commercial,8,2,14601724
2563,3,5,1,High,1094794,385,88,Rural,Residential,11,2,10586194
1729,2,2,3,Medium,306542,458,65,Suburban,Residential,19,4,6447346
3363,5,6,1,High,272600,415,85,Suburban,Residential,20,3,13767840
2281,1,2,4,Low,827207,435,79,Rural,Commercial,14,3,9074753
3014,2,4,3,Medium,1445793,410,61,Rural,Residential,23,2,11061065
752,1,6,3,Low,1043102,352,50,Urban,Commercial,8,3,4014685
1840,4,3,1,High,461786,394,73,Rural,Commercial,16,4,8391676
4049,5,4,5,High,1412664,335,50,Urban,Residential,16,4,17014402
3158,2,3,3,Low,812768,357,61,Urban,Residential,11,4,10760311
4207,2,5,3,High,499301,375,59,Rural,Residential,4,3,14281611
1738,2,6,4,High,672459,373,50,Suburban,Residential,21,5,7397280
3057,5,3,2,High,652699,454,67,Urban,Commercial,12,4,15557590
731,2,6,4,High,667841,422,63,Urban,Residential,17,3,4062130
661,1,5,3,Low,865326,455,60,Rural,Commercial,8,1,3196720
1190,2,3,1,Low,290333,390,75,Rural,Residential,17,2,4410617
2979,5,5,3,Medium,1087459,388,80,Urban,Residential,13,2,11891471
2455,1,6,4,High,402880,401,77,Suburban,Residential,19,2,10252607
2129,3,1,5,Medium,444952,458,85,Suburban,Residential,19,3,8448863
4791,4,3,1,Medium,876632,371,65,Rural,Residential,10,4,15153671
2436,3,2,1,High,1214315,356,74,Urban,Residential,12,2,11263150
748,2,5,2,High,968782,440,81,Rural,Residential,12,5,3996556
1446,1,3,4,High,602111,435,65,Suburban,Commercial,24,1,7769528
1785,1,4,3,High,379604,489,61,Rural,Residential,16,2,7068013
1904,5,1,1,High,764727,340,69,Rural,Commercial,13,1,8811745
3087,2,4,2,Low,887352,452,56,Urban,Commercial,17,5,12810814
3908,1,2,1,Low,1408194,448,56,Rural,Commercial,16,3,14483663
3379,2,1,1,High,236766,495,58,Suburban,Commercial,10,4,15235168
2916,4,4,2,Low,389597,466,89,Rural,Commercial,20,3,11089742
2287,5,6,1,Low,961822,432,78,Suburban,Residential,7,2,8229567
4010,2,2,4,Low,1356743,328,52,Rural,Residential,22,1,12555435
4442,5,2,4,High,1415327,497,70,Urban,Residential,7,2,19410486
3650,1,4,2,High,264131,496,58,Rural,Commercial,24,3,15806211
4031,4,3,3,Medium,296708,414,90,Suburban,Commercial,9,2,16450509
652,4,3,1,Low,1056725,461,90,Rural,Commercial,14,3,3861711
4929,1,3,1,Low,1203074,460,67,Rural,Residential,15,4,15482710
4197,3,2,4,Low,473318,338,67,Urban,Commercial,24,4,16565542
977,5,3,5,Low,238712,449,87,Rural,Residential,11,4,3362344
2553,5,3,4,Medium,202784,457,52,Suburban,Commercial,5,4,9784182
3975,2,1,3,Medium,700079,405,84,Rural,Commercial,6,4,15264210
2601,1,1,5,High,1142660,346,50,Rural,Residential,22,4,10192738
2241,5,2,4,High,388090,493,60,Urban,Commercial,6,5,10874944
4547,1,3,3,High,478091,407,87,Urban,Residential,20,2,19761362
4843,3,2,1,Medium,1128677,385,59,Rural,Residential,14,5,15659939
1867,4,5,1,Low,1152347,417,72,Urban,Commercial,8,4,8361909
648,4,3,5,Medium,750780,407,67,Suburban,Residential,24,4,3705920
777,2,2,5,Low,649365,368,77,Suburban,Commercial,10,2,3661450
2743,5,5,3,Low,1306195,398,68,Rural,Commercial,9,2,10396920
3461,1,2,5,Medium,555803,377,57,Rural,Commercial,15,5,12658103
2489,1,6,5,Low,400295,411,66,Urban,Commercial,16,4,10287578
3518,1,1,3,Medium,1080515,428,86,Urban,Residential,7,5,13671139
3585,5,5,5,High,599098,368,67,Urban,Residential,17,1,15037507
3666,5,4,4,Low,400008,420,82,Suburban,Commercial,13,2,14063188
2241,4,5,3,High,949809,356,84,Urban,Commercial,14,2,12233521
3040,3,2,3,Low,600423,384,84,Suburban,Commercial,15,2,12036551
4420,3,5,5,High,945789,415,57,Suburban,Commercial,17,2,20409196
3848,3,2,3,High,938174,337,57,Suburban,Residential,12,3,14924479
654,2,5,3,High,1401443,358,74,Suburban,Commercial,12,3,4768015
3892,4,6,5,High,1349820,347,63,Urban,Commercial,24,2,20111977
3396,5,6,2,High,493046,407,53,Suburban,Commercial,4,2,15004587
2016,4,2,4,Low,694121,487,79,Suburban,Residential,24,4,7873067
4556,4,4,2,Medium,448196,376,69,Rural,Commercial,21,3,16976459
1455,3,4,5,High,1259603,478,88,Suburban,Commercial,17,2,8529583
2655,1,4,5,Low,350311,375,55,Rural,Commercial,4,2,8613078
618,5,1,2,High,1024321,489,70,Suburban,Commercial,5,4,3805083
3008,1,6,1,High,525208,367,76,Urban,Commercial,22,2,15446274
3497,2,6,1,Low,443613,402,63,Suburban,Commercial,8,3,12768767
1891,2,4,5,High,294334,422,85,Urban,Commercial,17,4,9979040
3130,5,5,5,High,909212,449,66,Urban,Residential,23,2,14054856
4212,4,6,3,High,656829,431,53,Suburban,Commercial,6,4,18700170
1620,1,6,2,Low,1362618,456,77,Urban,Commercial,8,4,7900974
4205,3,1,2,Low,1289764,354,75,Urban,Residential,16,4,15169023
3995,5,6,5,Medium,287550,344,64,Suburban,Commercial,22,2,15899186
3396,1,2,1,Medium,682049,347,90,Suburban,Commercial,11,2,14201027
2198,3,6,3,Low,1169296,340,77,Suburban,Commercial,18,1,9601816
938,4,5,3,Low,1055334,457,72,Suburban,Residential,18,2,4494356
3940,3,4,5,Low,1258900,449,90,Suburban,Commercial,14,5,16129459
3279,3,3,4,High,850810,437,81,Suburban,Residential,4,1,13480798
2819,4,2,1,Medium,473174,481,67,Rural,Residential,7,3,9301491
4430,5,6,1,Low,551307,372,75,Rural,Residential,8,2,13038906
3613,4,4,2,Medium,784131,347,75,Rural,Residential,4,2,11541462
1256,4,1,4,Medium,1021704,469,64,Suburban,Commercial,17,5,6511557
4108,5,5,3,Medium,422297,444,73,Rural,Commercial,24,5,15955926
1094,2,1,3,Medium,970351,339,89,Urban,Residential,19,1,5476569
1003,5,3,2,High,1111485,442,80,Urban,Residential,12,4,5527080
4067,2,2,5,Medium,951228,459,54,Suburban,Commercial,17,5,16548731
1978,5,5,4,High,273908,485,62,Rural,Residential,12,4,7286251
3028,5,5,1,High,280243,356,59,Rural,Commercial,6,4,12370911
3233,5,1,4,Low,418238,345,90,Suburban,Residential,18,4,10907929
4296,3,1,1,Low,234094,463,83,Urban,Commercial,6,3,17128762
2369,2,3,1,High,654828,430,89,Urban,Commercial,10,1,12493733
4526,4,3,1,Low,880424,399,84,Suburban,Commercial,14,5,17532728
1160,5,5,5,Low,1148338,376,52,Urban,Residential,13,1,5267495
3964,2,3,4,High,1292764,400,73,Rural,Commercial,7,5,17489706
4341,5,4,5,Low,598391,375,75,Suburban,Commercial,14,4,16340001
4987,5,2,2,Low,670378,496,67,Urban,Residential,7,3,17042258
1659,5,5,3,Low,1049429,348,79,Urban,Residential,15,1,6879952
4919,1,3,2,Medium,1393643,481,86,Urban,Residential,19,4,19950750
2768,1,1,5,Low,1236121,370,84,Suburban,Residential,20,1,10465486
3378,1,2,1,Low,1412151,427,76,Rural,Residential,4,4,11089646
2112,2,5,3,Low,1451414,337,63,Urban,Residential,20,1,8533595
2792,1,2,2,Low,1284989,456,81,Rural,Residential,18,4,10074517
1340,1,4,5,Medium,536892,341,89,Rural,Commercial,16,2,6030889
4079,4,5,4,Medium,894027,484,62,Urban,Residential,4,3,14875649
4197,4,4,3,Medium,1114943,419,53,Urban,Residential,20,4,15618436
661,2,5,2,Medium,297000,388,58,Suburban,Residential,17,1,3005516
1630,4,4,3,High,272286,482,60,Rural,Residential,4,1,5845506
3854,1,2,5,Low,1263189,430,86,Rural,Residential,13,2,13117645
2208,1,6,5,Medium,697411,380,62,Suburban,Residential,24,2,8354382
1874,1,6,4,Low,978060,374,81,Urban,Residential,18,2,7572846
3902,4,2,4,Medium,458947,370,73,Suburban,Commercial,15,2,15588561
2860,3,6,1,Low,1423636,371,76,Urban,Residential,9,5,10678093
1647,4,6,5,Medium,363078,444,67,Rural,Commercial,9,2,6547269
1748,3,1,3,High,699292,459,63,Suburban,Residential,6,3,7189449
2994,2,1,2,Medium,478484,339,72,Urban,Commercial,13,3,12908417
2719,5,4,2,Medium,983075,391,67,Urban,Commercial,22,5,12777451
641,5,1,3,Low,1428236,351,72,Rural,Commercial,21,5,4201976
2441,5,5,5,High,755224,492,78,Urban,Commercial,24,5,13241298
1674,5,5,5,Low,1093540,451,71,Rural,Commercial,13,3,6988919
1431,4,1,5,Low,598536,460,90,Suburban,Commercial,24,1,6684070
4430,3,5,2,Medium,1189648,348,66,Suburban,Residential,12,2,15361586
3740,5,2,5,Low,479956,395,73,Urban,Residential,14,1,12812273
2144,3,6,4,Low,1128100,405,84,Rural,Commercial,16,4,8803173
1687,1,2,4,Medium,1487126,403,58,Suburban,Residential,24,3,7540064
1048,3,4,5,Medium,499081,498,80,Suburban,Residential,5,3,4242765
3911,2,3,5,Medium,320204,474,77,Urban,Commercial,23,5,17313195
926,3,2,5,Low,919259,478,90,Urban,Residential,12,5,4407992
965,4,2,5,High,1000981,323,80,Urban,Commercial,6,3,5875050
3330,2,3,2,High,1426562,402,59,Urban,Residential,5,1,14507300
1532,5,3,2,Medium,1158067,465,74,Rural,Commercial,7,1,6915760
3530,1,1,3,High,1063058,400,54,Urban,Commercial,13,3,17652595
4768,4,6,2,Medium,1004016,433,69,Rural,Residential,7,4,15336249
3785,4,1,3,Medium,725570,415,62,Rural,Commercial,8,3,13970199
2616,3,2,1,Low,814024,500,85,Urban,Residential,12,5,10089580
4812,1,2,2,Low,664884,366,74,Rural,Commercial,18,4,16861302
1391,3,3,4,Medium,1375405,350,82,Rural,Commercial,20,2,7061796
1918,4,1,2,Low,901702,398,83,Rural,Residential,9,3,6581513
4966,5,1,4,Low,1154918,467,70,Suburban,Residential,22,3,16961676
1332,4,1,1,High,1038921,496,62,Rural,Commercial,20,3,7159103
4246,5,1,2,High,1226409,425,90,Rural,Commercial,8,2,19313462
1554,4,2,4,Medium,1357069,488,58,Urban,Residential,18,5,7347309
1752,2,3,2,Medium,1084510,381,65,Rural,Commercial,24,1,8040572
4008,2,1,5,High,1337977,347,53,Rural,Residential,20,1,15052661
2014,5,2,4,High,568607,398,82,Rural,Residential,20,1,8349385
1276,2,3,4,Medium,1240882,387,67,Rural,Residential,10,3,5480248
940,5,3,4,Low,466743,397,76,Suburban,Residential,6,3,3573710
3948,2,3,3,Low,924125,488,69,Rural,Residential,17,2,12707968
708,2,2,3,Medium,1353502,427,77,Suburban,Commercial,17,1,4618234
3702,2,2,5,High,1025272,463,52,Suburban,Residential,19,1,14795154
2395,4,6,1,Low,1490279,371,84,Suburban,Residential,14,4,9293195
690,2,1,4,Medium,965240,320,59,Rural,Residential,23,1,3927408
2929,4,6,4,Medium,613349,467,57,Rural,Residential,8,1,9476754
1911,5,1,4,Low,1299519,410,50,Rural,Residential,8,5,6559642
2430,1,1,4,High,576932,439,60,Rural,Residential,19,1,9324075
3817,1,6,2,High,405631,328,50,Suburban,Residential,13,2,13937269
1074,4,6,1,Medium,988483,415,85,Urban,Commercial,17,2,6136328
3190,4,3,3,Low,235129,417,86,Urban,Residential,5,2,10962263
4266,4,3,2,Medium,1228292,461,70,Suburban,Residential,13,4,15565609
1688,2,1,5,Low,1432973,396,69,Suburban,Residential,21,4,7186249
2239,5,5,1,Medium,1015518,347,60,Rural,Residential,8,2,7784638
4323,2,3,3,Medium,1022797,364,55,Urban,Residential,13,1,15483424
2390,4,5,2,Low,1016017,406,53,Suburban,Residential,20,3,8623928
2193,4,6,4,Low,1424358,439,54,Urban,Residential,6,2,8401811
2829,1,1,3,Low,786492,499,87,Urban,Residential,7,4,10422416
1942,5,3,5,Low,1282845,431,53,Rural,Commercial,18,5,8122452
2967,3,4,2,Low,1013891,405,79,Suburban,Commercial,12,5,12062112
2714,3,6,2,High,1257313,459,64,Rural,Commercial,18,1,12988955
3800,4,2,1,High,471860,482,60,Rural,Commercial,5,5,15714928
3964,4,1,2,High,943964,458,85,Urban,Commercial,4,4,20112366
2919,5,6,3,Low,409318,492,90,Suburban,Residential,4,5,9779406
1244,2,6,5,Medium,459520,450,61,Urban,Commercial,9,3,5697880
3364,1,4,3,Medium,869532,476,87,Rural,Commercial,8,1,13618838
1329,2,2,5,Low,886018,420,72,Urban,Commercial,13,3,6470149
4592,3,2,1,High,895666,363,59,Rural,Residential,5,3,16082354
3386,1,2,1,Medium,349540,400,50,Rural,Commercial,23,3,12569635
3834,2,4,2,Low,308020,411,60,Suburban,Commercial,15,3,13786597
2778,1,3,1,Medium,449476,410,82,Urban,Residential,21,5,10865028
4016,2,6,5,Medium,1430826,447,69,Urban,Residential,10,3,15699026
2946,3,6,3,Medium,1367759,462,68,Urban,Commercial,24,1,14457765
2879,2,1,3,Medium,473842,408,63,Suburban,Residential,10,4,9807560
1997,2,4,5,High,680374,437,57,Rural,Commercial,24,3,9463376
4125,5,6,2,High,1323866,373,61,Suburban,Residential,16,2,16575618
3600,3,5,3,High,977602,488,84,Suburban,Commercial,5,5,17370752
2596,2,1,4,Low,748078,433,56,Suburban,Commercial,24,5,10493765
3383,4,1,4,Medium,400456,339,81,Rural,Residential,24,4,11491116
736,4,2,2,Low,703005,472,83,Suburban,Commercial,12,5,3756885
708,3,2,4,Medium,296549,347,67,Suburban,Residential,5,2,2615006
2302,4,4,5,Low,249143,433,75,Urban,Residential,24,2,8716292
3176,2,3,5,Medium,658822,334,55,Suburban,Commercial,10,2,12579542
3512,3,1,3,Medium,1371141,484,83,Rural,Commercial,23,1,15055463
2113,1,1,4,Medium,741197,482,62,Suburban,Commercial,24,4,9641005
3424,3,5,1,Medium,443488,441,88,Suburban,Residential,10,5,12230008
1832,4,2,2,High,945104,429,59,Rural,Commercial,16,3,8919083
4570,4,4,5,High,1377655,416,87,Urban,Residential,5,2,20018944
4708,1,1,3,Low,1466873,490,73,Urban,Commercial,4,3,19642333
1143,3,2,1,High,336159,416,87,Rural,Residential,7,2,4502976
1099,3,6,4,Low,348583,443,83,Rural,Residential,5,1,3869027
2914,2,2,2,High,423882,324,69,Suburban,Commercial,18,4,13617668
1846,1,2,2,Medium,1344677,345,77,Rural,Commercial,18,4,8587985
4144,1,4,3,High,424232,459,89,Suburban,Residential,8,4,16568715
4229,5,5,2,Medium,1359975,482,70,Rural,Residential,22,4,14965586
1811,1,4,5,Medium,1091966,323,86,Suburban,Residential,13,5,7482829
2955,2,2,1,Low,354098,443,57,Urban,Residential,20,5,10156816
3263,5,5,2,Medium,1257025,423,82,Suburban,Residential,12,2,12580812
3043,5,4,2,High,400339,392,69,Rural,Commercial,7,2,12699605
3795,1,3,5,Low,1125445,328,83,Suburban,Commercial,12,5,14762668
1472,1,1,2,Medium,777386,424,72,Urban,Residential,21,1,6643253
688,1,5,2,High,657524,419,73,Urban,Residential,18,5,3985952
3670,4,6,3,Low,1465161,376,75,Suburban,Residential,7,2,12799475
1717,1,4,1,Medium,1383155,321,87,Suburban,Residential,9,5,7369683
4723,5,4,5,Medium,1492390,382,76,Rural,Residential,22,1,16521050
1214,2,3,2,High,609534,463,55,Urban,Commercial,24,3,6975216
2366,4,1,2,High,828861,404,67,Rural,Commercial,22,3,10996462
1249,4,2,2,Medium,653493,397,87,Suburban,Residential,16,4,5323389
1836,5,4,4,Low,415552,346,55,Urban,Commercial,15,5,7361689
3740,3,5,3,Medium,675499,429,56,Suburban,Commercial,22,2,15395801
4041,2,4,5,Medium,361652,350,60,Rural,Commercial,20,5,14772086
3958,4,3,3,Medium,1214270,369,84,Urban,Commercial,22,3,18312592
3971,2,6,1,High,357789,424,88,Suburban,Commercial,20,5,19065096
1704,5,4,3,Low,619525,391,80,Urban,Residential,7,3,6469647
4015,1,3,2,Low,745159,410,67,Suburban,Commercial,7,1,14952289
2636,2,4,1,Medium,1331616,411,75,Rural,Commercial,23,2,11596382
1763,4,6,1,High,821711,415,59,Suburban,Residential,5,5,7246926
2546,3,5,1,Low,651045,375,87,Urban,Residential,17,4,9533428
4965,3,6,1,Low,1031866,491,87,Urban,Commercial,13,4,20890819
2030,3,6,5,Low,976754,455,67,Urban,Commercial,12,3,9070379
864,4,1,3,Medium,788140,460,78,Urban,Residential,17,2,4422950
4940,5,3,3,Low,1159915,407,88,Rural,Commercial,10,5,18117429
2513,4,5,1,Medium,1120656,324,86,Rural,Commercial,14,1,10654621
1929,3,4,3,High,950224,385,82,Urban,Commercial,8,1,10447584
1147,1,6,4,Low,1141945,398,69,Rural,Commercial,8,2,5107973
3055,1,6,1,Low,838875,394,70,Suburban,Commercial,20,1,12102260
4006,3,2,2,Low,432411,357,54,Suburban,Commercial,8,5,13967375
3585,4,2,4,High,780917,342,77,Rural,Residential,6,1,13103289
3815,2,6,4,Medium,927511,495,74,Rural,Commercial,8,1,15049125
4189,2,2,4,High,1217665,362,54,Rural,Residential,8,5,15069715
2277,1,6,4,High,262841,334,53,Urban,Commercial,5,1,10786152
2225,3,2,1,High,337983,493,68,Suburban,Residential,10,4,8977523
2903,1,3,1,Medium,665733,389,76,Rural,Commercial,4,5,11051859
951,1,2,3,High,1215199,407,83,Urban,Commercial,23,5,6737625
3548,5,2,4,Low,1369700,343,58,Urban,Residential,10,3,12497047
2743,1,4,4,Medium,358054,395,69,Rural,Residential,15,2,9108849
2695,3,1,3,High,1303629,422,52,Rural,Residential,16,4,10639849
4089,5,1,4,High,1419396,324,83,Suburban,Commercial,4,5,19371503
1014,3,4,1,Medium,1185486,410,81,Urban,Residential,9,1,5117277
2820,3,6,4,Low,1270152,497,56,Rural,Commercial,6,4,10499911
2603,2,1,1,Medium,251231,383,78,Suburban,Residential,23,4,9686227
4712,2,4,2,Medium,462451,494,75,Suburban,Commercial,24,3,19634980
2703,3,3,3,High,652616,478,82,Rural,Commercial,11,3,12256061
4666,1,2,3,High,983265,346,86,Rural,Residential,22,3,17906113
3234,3,1,2,Medium,1036614,412,88,Rural,Commercial,8,1,13105677
3580,4,3,4,High,521122,321,87,Rural,Commercial,11,3,15671187
932,3,1,4,Medium,1091573,462,81,Urban,Commercial,11,5,5313691
2892,3,2,4,High,393022,392,76,Suburban,Residential,16,4,11530466
2581,3,5,1,Low,335580,341,86,Urban,Commercial,4,5,10166955
2819,3,6,3,Low,1278039,375,50,Urban,Commercial,9,1,11757998
1712,1,6,1,Low,240909,448,58,Suburban,Commercial,13,2,6542198
909,5,2,2,High,1036436,359,76,Rural,Commercial,9,5,4911246
1879,5,3,4,Low,1041152,333,86,Urban,Commercial,10,5,8475492
1336,2,4,5,Medium,865567,497,89,Suburban,Residential,15,3,5921887
1063,4,5,2,Low,460133,398,77,Urban,Residential,15,5,4536946
4444,3,1,3,Medium,849585,362,84,Rural,Commercial,14,2,17125335
3162,2,2,5,Medium,524406,448,65,Suburban,Residential,4,5,10664088
1942,2,6,5,Low,881291,369,90,Suburban,Commercial,21,2,8568005
1895,2,6,1,Low,286920,442,79,Rural,Commercial,4,4,6665732
4411,3,4,3,Medium,467098,487,67,Rural,Commercial,8,3,16375059
1185,4,1,4,Low,1097909,328,56,Rural,Residential,20,3,4983228
3667,3,5,2,High,362657,421,69,Suburban,Residential,20,5,14472387
2842,3,5,3,Medium,1478609,320,74,Rural,Residential,16,3,10330064
1232,5,3,1,Medium,588887,420,71,Rural,Commercial,18,3,5631362
3916,5,6,2,Medium,1336609,462,71,Suburban,Residential,13,3,14418573
1493,3,2,4,High,610010,371,81,Rural,Residential,20,3,6633183
4572,2,6,4,Low,1075288,370,67,Rural,Commercial,7,3,16011105
2765,1,1,3,High,250372,377,90,Rural,Residential,17,5,10555081
2239,4,6,4,Low,332036,447,81,Rural,Residential,16,2,7416009
3111,2,2,3,High,1485532,428,62,Suburban,Residential,10,1,12995197
1377,4,4,3,Low,1217511,435,72,Rural,Residential,4,2,5147529
2889,2,4,4,Low,659305,358,79,Urban,Commercial,9,1,11972501
1686,5,3,3,Low,1490625,348,72,Urban,Commercial,20,4,8547903
1589,5,3,3,Medium,1093055,362,54,Urban,Residential,19,4,6920151
3293,1,4,4,Low,531596,324,75,Suburban,Commercial,10,1,12301869
4565,5,6,4,Medium,218343,486,72,Rural,Commercial,7,3,16777986
4527,3,4,4,Medium,571775,332,89,Suburban,Commercial,19,3,18899302
4161,3,4,5,High,1482080,410,67,Suburban,Residential,5,3,16708439
3496,1,6,5,Low,575463,494,72,Urban,Residential,16,5,12599507
2199,3,6,4,Medium,1468944,463,59,Rural,Commercial,20,2,9899634
4388,4,5,4,High,937146,348,53,Suburban,Residential,8,1,16533832
3878,4,1,5,Low,1127148,414,74,Urban,Commercial,20,4,16487217
4669,1,2,2,Medium,1015198,469,81,Rural,Residential,8,1,15782907
712,1,6,4,High,1403971,347,74,Rural,Residential,13,4,4403589
1786,1,2,2,Medium,1453254,492,88,Urban,Commercial,14,5,9562458
1108,2,5,4,Medium,1168119,376,71,Urban,Residential,17,1,5498683
4701,2,6,4,High,1378631,406,79,Urban,Residential,24,1,21074272
1786,5,6,5,High,1326807,354,87,Rural,Residential,14,1,8005687
2165,3,1,1,High,1400581,330,66,Suburban,Residential,24,4,9946222
3171,2,5,5,Medium,770938,466,72,Suburban,Commercial,20,2,13658113
3166,5,4,3,High,800537,438,76,Rural,Residential,13,2,12283911
4265,3,5,5,Medium,287047,474,85,Rural,Commercial,23,1,16964885
